{
  "alpha_alpha_7": 14441.70182108879,
  "alpha_alpha_23": 8349.548713594675,
  "momentum_20d": 6856.703221440315,
  "momentum_60d": 6771.486995279789,
  "dist_from_high": 6630.816012918949,
  "vol_20d": 6323.365724563599,
  "vol_trend": 5465.518492937088,
  "rsi_14": 4841.366837263107,
  "volume_rank": 4093.01565349102,
  "regime": 3582.605093717575,
  "alpha_alpha_52": 3355.733845591545,
  "alpha_alpha_19": 3164.9234186410904,
  "alpha_alpha_32": 3014.361065030098,
  "alpha_alpha_9": 2734.1949026584625,
  "alpha_alpha_36": 2637.6729260981083,
  "alpha_alpha_37": 2171.299899816513,
  "alpha_alpha_12": 2142.479924798012,
  "alpha_alpha_101": 1989.1914625167847
}